,symboling,normalized-losses,make,fuel-type,num-of-doors,body-style,drive-wheels,engine-location,wheel-base,length,width,height,curb-weight,engine-type,num-of-cylinders,engine-size,fuel-system,bore,stroke,compression-ratio,horsepower,peak-rpm,city-L/100km,highway-mpg,price,horsepower-binned,aspiration-std,aspiration-turbo
0,3,122.0,alfa-romero,gas,two,convertible,rwd,front,88.6,168.8,64.1,0.8160535117056856,2548,dohc,four,130,mpfi,3.47,2.68,9.0,111,5000,11.19047619047619,27,13495,Low,True,False
1,3,122.0,alfa-romero,gas,two,convertible,rwd,front,88.6,168.8,64.1,0.8160535117056856,2548,dohc,four,130,mpfi,3.47,2.68,9.0,111,5000,11.19047619047619,27,16500,Low,True,False
2,1,122.0,alfa-romero,gas,two,hatchback,rwd,front,94.5,171.2,65.5,0.8762541806020067,2823,ohcv,six,152,mpfi,2.68,3.47,9.0,154,5000,12.368421052631579,26,16500,Medium,True,False
3,2,164,audi,gas,four,sedan,fwd,front,99.8,176.6,66.2,0.9080267558528428,2337,ohc,four,109,mpfi,3.19,3.40,10.0,102,5500,9.791666666666666,30,13950,Low,True,False
4,2,164,audi,gas,four,sedan,4wd,front,99.4,176.6,66.4,0.9080267558528428,2824,ohc,five,136,mpfi,3.19,3.40,8.0,115,5500,13.055555555555555,22,17450,Low,True,False
5,2,122.0,audi,gas,two,sedan,fwd,front,99.8,177.3,66.3,0.8879598662207359,2507,ohc,five,136,mpfi,3.19,3.40,8.5,110,5500,12.368421052631579,25,15250,Low,True,False
6,1,158,audi,gas,four,sedan,fwd,front,105.8,192.7,71.4,0.931438127090301,2844,ohc,five,136,mpfi,3.19,3.40,8.5,110,5500,12.368421052631579,25,17710,Low,True,False
7,1,122.0,audi,gas,four,wagon,fwd,front,105.8,192.7,71.4,0.931438127090301,2954,ohc,five,136,mpfi,3.19,3.40,8.5,110,5500,12.368421052631579,25,18920,Low,True,False
8,1,158,audi,gas,four,sedan,fwd,front,105.8,192.7,71.4,0.9347826086956522,3086,ohc,five,131,mpfi,3.13,3.40,8.3,140,5500,13.823529411764707,20,23875,Medium,False,True
9,2,192,bmw,gas,two,sedan,rwd,front,101.2,176.8,64.8,0.9080267558528428,2395,ohc,four,108,mpfi,3.50,2.80,8.8,101,5800,10.217391304347826,29,16430,Low,True,False
10,0,192,bmw,gas,four,sedan,rwd,front,101.2,176.8,64.8,0.9080267558528428,2395,ohc,four,108,mpfi,3.50,2.80,8.8,101,5800,10.217391304347826,29,16925,Low,True,False
11,0,188,bmw,gas,two,sedan,rwd,front,101.2,176.8,64.8,0.9080267558528428,2710,ohc,six,164,mpfi,3.31,3.19,9.0,121,4250,11.19047619047619,28,20970,Medium,True,False
12,0,188,bmw,gas,four,sedan,rwd,front,101.2,176.8,64.8,0.9080267558528428,2765,ohc,six,164,mpfi,3.31,3.19,9.0,121,4250,11.19047619047619,28,21105,Medium,True,False
13,1,122.0,bmw,gas,four,sedan,rwd,front,103.5,189.0,66.9,0.931438127090301,3055,ohc,six,164,mpfi,3.31,3.19,9.0,121,4250,11.75,25,24565,Medium,True,False
14,0,122.0,bmw,gas,four,sedan,rwd,front,103.5,189.0,66.9,0.931438127090301,3230,ohc,six,209,mpfi,3.62,3.39,8.0,182,5400,14.6875,22,30760,Medium,True,False
15,0,122.0,bmw,gas,two,sedan,rwd,front,103.5,193.8,67.9,0.8979933110367894,3380,ohc,six,209,mpfi,3.62,3.39,8.0,182,5400,14.6875,22,41315,Medium,True,False
16,0,122.0,bmw,gas,four,sedan,rwd,front,110.0,197.0,70.9,0.9414715719063546,3505,ohc,six,209,mpfi,3.62,3.39,8.0,182,5400,15.666666666666666,20,36880,Medium,True,False
17,2,121,chevrolet,gas,two,hatchback,fwd,front,88.4,141.1,60.3,0.8896321070234114,1488,l,three,61,2bbl,2.91,3.03,9.5,48,5100,5.0,53,5151,Low,True,False
18,1,98,chevrolet,gas,two,hatchback,fwd,front,94.5,155.9,63.6,0.8695652173913044,1874,ohc,four,90,2bbl,3.03,3.11,9.6,70,5400,6.184210526315789,43,6295,Low,True,False
19,0,81,chevrolet,gas,four,sedan,fwd,front,94.5,158.8,63.6,0.8695652173913044,1909,ohc,four,90,2bbl,3.03,3.11,9.6,70,5400,6.184210526315789,43,6575,Low,True,False
20,1,118,dodge,gas,two,hatchback,fwd,front,93.7,157.3,63.8,0.8494983277591973,1876,ohc,four,90,2bbl,2.97,3.23,9.41,68,5500,6.351351351351352,41,5572,Low,True,False
21,1,118,dodge,gas,two,hatchback,fwd,front,93.7,157.3,63.8,0.8494983277591973,1876,ohc,four,90,2bbl,2.97,3.23,9.4,68,5500,7.580645161290323,38,6377,Low,True,False
22,1,118,dodge,gas,two,hatchback,fwd,front,93.7,157.3,63.8,0.8494983277591973,2128,ohc,four,98,mpfi,3.03,3.39,7.6,102,5500,9.791666666666666,30,7957,Low,False,True
23,1,148,dodge,gas,four,hatchback,fwd,front,93.7,157.3,63.8,0.8461538461538463,1967,ohc,four,90,2bbl,2.97,3.23,9.4,68,5500,7.580645161290323,38,6229,Low,True,False
24,1,148,dodge,gas,four,sedan,fwd,front,93.7,157.3,63.8,0.8461538461538463,1989,ohc,four,90,2bbl,2.97,3.23,9.4,68,5500,7.580645161290323,38,6692,Low,True,False
25,1,148,dodge,gas,four,sedan,fwd,front,93.7,157.3,63.8,0.8461538461538463,1989,ohc,four,90,2bbl,2.97,3.23,9.4,68,5500,7.580645161290323,38,7609,Low,True,False
26,1,148,dodge,gas,four,sedan,fwd,front,93.7,157.3,63.8,0.8461538461538463,2191,ohc,four,98,mpfi,3.03,3.39,7.6,102,5500,9.791666666666666,30,8558,Low,False,True
27,-1,110,dodge,gas,four,wagon,fwd,front,103.3,174.6,64.6,1.0,2535,ohc,four,122,2bbl,3.34,3.46,8.5,88,5000,9.791666666666666,30,8921,Low,True,False
28,3,145,dodge,gas,two,hatchback,fwd,front,95.9,173.2,66.3,0.8394648829431439,2811,ohc,four,156,mfi,3.60,3.90,7.0,145,5000,12.368421052631579,24,12964,Medium,False,True
29,2,137,honda,gas,two,hatchback,fwd,front,86.6,144.6,63.9,0.8494983277591973,1713,ohc,four,92,1bbl,2.91,3.41,9.6,58,4800,4.795918367346939,54,6479,Low,True,False
30,2,137,honda,gas,two,hatchback,fwd,front,86.6,144.6,63.9,0.8494983277591973,1819,ohc,four,92,1bbl,2.91,3.41,9.2,76,6000,7.580645161290323,38,6855,Low,True,False
31,1,101,honda,gas,two,hatchback,fwd,front,93.7,150.0,64.0,0.8795986622073579,1837,ohc,four,79,1bbl,2.91,3.07,10.1,60,5500,6.184210526315789,42,5399,Low,True,False
32,1,101,honda,gas,two,hatchback,fwd,front,93.7,150.0,64.0,0.8795986622073579,1940,ohc,four,92,1bbl,2.91,3.41,9.2,76,6000,7.833333333333333,34,6529,Low,True,False
33,1,101,honda,gas,two,hatchback,fwd,front,93.7,150.0,64.0,0.8795986622073579,1956,ohc,four,92,1bbl,2.91,3.41,9.2,76,6000,7.833333333333333,34,7129,Low,True,False
34,0,110,honda,gas,four,sedan,fwd,front,96.5,163.4,64.0,0.911371237458194,2010,ohc,four,92,1bbl,2.91,3.41,9.2,76,6000,7.833333333333333,34,7295,Low,True,False
35,0,78,honda,gas,four,wagon,fwd,front,96.5,157.1,63.9,0.9749163879598662,2024,ohc,four,92,1bbl,2.92,3.41,9.2,76,6000,7.833333333333333,34,7295,Low,True,False
36,0,106,honda,gas,two,hatchback,fwd,front,96.5,167.5,65.2,0.8913043478260869,2236,ohc,four,110,1bbl,3.15,3.58,9.0,86,5800,8.703703703703704,33,7895,Low,True,False
37,0,106,honda,gas,two,hatchback,fwd,front,96.5,167.5,65.2,0.8913043478260869,2289,ohc,four,110,1bbl,3.15,3.58,9.0,86,5800,8.703703703703704,33,9095,Low,True,False
38,0,85,honda,gas,four,sedan,fwd,front,96.5,175.4,65.2,0.9046822742474917,2304,ohc,four,110,1bbl,3.15,3.58,9.0,86,5800,8.703703703703704,33,8845,Low,True,False
39,0,85,honda,gas,four,sedan,fwd,front,96.5,175.4,62.5,0.9046822742474917,2372,ohc,four,110,1bbl,3.15,3.58,9.0,86,5800,8.703703703703704,33,10295,Low,True,False
40,0,85,honda,gas,four,sedan,fwd,front,96.5,175.4,65.2,0.9046822742474917,2465,ohc,four,110,mpfi,3.15,3.58,9.0,101,5800,9.791666666666666,28,12945,Low,True,False
41,1,107,honda,gas,two,sedan,fwd,front,96.5,169.1,66.0,0.8528428093645485,2293,ohc,four,110,2bbl,3.15,3.58,9.1,100,5500,9.4,31,10345,Low,True,False
42,0,122.0,isuzu,gas,four,sedan,rwd,front,94.3,170.7,61.8,0.8946488294314382,2337,ohc,four,111,2bbl,3.31,3.23,8.5,78,4800,9.791666666666666,29,6785,Low,True,False
43,2,122.0,isuzu,gas,two,hatchback,rwd,front,96.0,172.6,65.2,0.8595317725752508,2734,ohc,four,119,spfi,3.43,3.23,9.2,90,5000,9.791666666666666,29,11048,Low,True,False
44,0,145,jaguar,gas,four,sedan,rwd,front,113.0,199.6,69.6,0.882943143812709,4066,dohc,six,258,mpfi,3.63,4.17,8.1,176,4750,15.666666666666666,19,32250,Medium,True,False
45,0,122.0,jaguar,gas,four,sedan,rwd,front,113.0,199.6,69.6,0.882943143812709,4066,dohc,six,258,mpfi,3.63,4.17,8.1,176,4750,15.666666666666666,19,35550,Medium,True,False
46,0,122.0,jaguar,gas,two,sedan,rwd,front,102.0,191.7,70.6,0.7993311036789298,3950,ohcv,twelve,326,mpfi,3.54,2.76,11.5,262,5000,18.076923076923077,17,36000,High,True,False
47,1,104,mazda,gas,two,hatchback,fwd,front,93.1,159.1,64.2,0.9046822742474917,1890,ohc,four,91,2bbl,3.03,3.15,9.0,68,5000,7.833333333333333,31,5195,Low,True,False
48,1,104,mazda,gas,two,hatchback,fwd,front,93.1,159.1,64.2,0.9046822742474917,1900,ohc,four,91,2bbl,3.03,3.15,9.0,68,5000,7.580645161290323,38,6095,Low,True,False
49,1,104,mazda,gas,two,hatchback,fwd,front,93.1,159.1,64.2,0.9046822742474917,1905,ohc,four,91,2bbl,3.03,3.15,9.0,68,5000,7.580645161290323,38,6795,Low,True,False
50,1,113,mazda,gas,four,sedan,fwd,front,93.1,166.8,64.2,0.9046822742474917,1945,ohc,four,91,2bbl,3.03,3.15,9.0,68,5000,7.580645161290323,38,6695,Low,True,False
51,1,113,mazda,gas,four,sedan,fwd,front,93.1,166.8,64.2,0.9046822742474917,1950,ohc,four,91,2bbl,3.08,3.15,9.0,68,5000,7.580645161290323,38,7395,Low,True,False
52,3,150,mazda,gas,two,hatchback,rwd,front,95.3,169.0,65.7,0.8294314381270904,2380,rotor,two,70,4bbl,3.3297512437810943,3.255422885572139,9.4,101,6000,13.823529411764707,23,10945,Low,True,False
53,3,150,mazda,gas,two,hatchback,rwd,front,95.3,169.0,65.7,0.8294314381270904,2380,rotor,two,70,4bbl,3.3297512437810943,3.255422885572139,9.4,101,6000,13.823529411764707,23,11845,Low,True,False
54,3,150,mazda,gas,two,hatchback,rwd,front,95.3,169.0,65.7,0.8294314381270904,2385,rotor,two,70,4bbl,3.3297512437810943,3.255422885572139,9.4,101,6000,13.823529411764707,23,13645,Low,True,False
55,3,150,mazda,gas,two,hatchback,rwd,front,95.3,169.0,65.7,0.8294314381270904,2500,rotor,two,80,mpfi,3.3297512437810943,3.255422885572139,9.4,135,6000,14.6875,23,15645,Medium,True,False
56,1,129,mazda,gas,two,hatchback,fwd,front,98.8,177.8,66.5,0.8979933110367894,2385,ohc,four,122,2bbl,3.39,3.39,8.6,84,4800,9.038461538461538,32,8845,Low,True,False
57,0,115,mazda,gas,four,sedan,fwd,front,98.8,177.8,66.5,0.9280936454849499,2410,ohc,four,122,2bbl,3.39,3.39,8.6,84,4800,9.038461538461538,32,8495,Low,True,False
58,1,129,mazda,gas,two,hatchback,fwd,front,98.8,177.8,66.5,0.8979933110367894,2385,ohc,four,122,2bbl,3.39,3.39,8.6,84,4800,9.038461538461538,32,10595,Low,True,False
59,0,115,mazda,gas,four,sedan,fwd,front,98.8,177.8,66.5,0.9280936454849499,2410,ohc,four,122,2bbl,3.39,3.39,8.6,84,4800,9.038461538461538,32,10245,Low,True,False
60,0,122.0,mazda,diesel,four,sedan,fwd,front,98.8,177.8,66.5,0.9280936454849499,2443,ohc,four,122,idi,3.39,3.39,22.7,64,4650,6.527777777777778,42,10795,Low,True,False
61,0,115,mazda,gas,four,hatchback,fwd,front,98.8,177.8,66.5,0.9280936454849499,2425,ohc,four,122,2bbl,3.39,3.39,8.6,84,4800,9.038461538461538,32,11245,Low,True,False
62,0,118,mazda,gas,four,sedan,rwd,front,104.9,175.0,66.1,0.9096989966555185,2670,ohc,four,140,mpfi,3.76,3.16,8.0,120,5000,12.368421052631579,27,18280,Medium,True,False
63,0,122.0,mazda,diesel,four,sedan,rwd,front,104.9,175.0,66.1,0.9096989966555185,2700,ohc,four,134,idi,3.43,3.64,22.0,72,4200,7.580645161290323,39,18344,Low,True,False
64,-1,93,mercedes-benz,diesel,four,sedan,rwd,front,110.0,190.9,70.3,0.9448160535117057,3515,ohc,five,183,idi,3.58,3.64,21.5,123,4350,10.681818181818182,25,25552,Medium,False,True
65,-1,93,mercedes-benz,diesel,four,wagon,rwd,front,110.0,190.9,70.3,0.9816053511705687,3750,ohc,five,183,idi,3.58,3.64,21.5,123,4350,10.681818181818182,25,28248,Medium,False,True
66,0,93,mercedes-benz,diesel,two,hardtop,rwd,front,106.7,187.5,70.3,0.9180602006688964,3495,ohc,five,183,idi,3.58,3.64,21.5,123,4350,10.681818181818182,25,28176,Medium,False,True
67,-1,93,mercedes-benz,diesel,four,sedan,rwd,front,115.6,202.6,71.7,0.9414715719063546,3770,ohc,five,183,idi,3.58,3.64,21.5,123,4350,10.681818181818182,25,31600,Medium,False,True
68,-1,122.0,mercedes-benz,gas,four,sedan,rwd,front,115.6,202.6,71.7,0.9448160535117057,3740,ohcv,eight,234,mpfi,3.46,3.10,8.3,155,4750,14.6875,18,34184,Medium,True,False
69,3,142,mercedes-benz,gas,two,convertible,rwd,front,96.6,180.3,70.5,0.8494983277591973,3685,ohcv,eight,234,mpfi,3.46,3.10,8.3,155,4750,14.6875,18,35056,Medium,True,False
70,0,122.0,mercedes-benz,gas,four,sedan,rwd,front,120.9,208.1,71.7,0.948160535117057,3900,ohcv,eight,308,mpfi,3.80,3.35,8.0,184,4500,16.785714285714285,16,40960,Medium,True,False
71,1,122.0,mercedes-benz,gas,two,hardtop,rwd,front,112.0,199.2,72.0,0.9264214046822743,3715,ohcv,eight,304,mpfi,3.80,3.35,8.0,184,4500,16.785714285714285,16,45400,Medium,True,False
72,1,122.0,mercury,gas,two,hatchback,rwd,front,102.7,178.4,68.0,0.9163879598662207,2910,ohc,four,140,mpfi,3.78,3.12,8.0,175,5000,12.368421052631579,24,16503,Medium,False,True
73,2,161,mitsubishi,gas,two,hatchback,fwd,front,93.7,157.3,64.4,0.8494983277591973,1918,ohc,four,92,2bbl,2.97,3.23,9.4,68,5500,6.351351351351352,41,5389,Low,True,False
74,2,161,mitsubishi,gas,two,hatchback,fwd,front,93.7,157.3,64.4,0.8494983277591973,1944,ohc,four,92,2bbl,2.97,3.23,9.4,68,5500,7.580645161290323,38,6189,Low,True,False
75,2,161,mitsubishi,gas,two,hatchback,fwd,front,93.7,157.3,64.4,0.8494983277591973,2004,ohc,four,92,2bbl,2.97,3.23,9.4,68,5500,7.580645161290323,38,6669,Low,True,False
76,1,161,mitsubishi,gas,two,hatchback,fwd,front,93.0,157.3,63.8,0.8494983277591973,2145,ohc,four,98,spdi,3.03,3.39,7.6,102,5500,9.791666666666666,30,7689,Low,False,True
77,3,153,mitsubishi,gas,two,hatchback,fwd,front,96.3,173.0,65.4,0.8260869565217391,2370,ohc,four,110,spdi,3.17,3.46,7.5,116,5500,10.217391304347826,30,9959,Low,False,True
78,3,153,mitsubishi,gas,two,hatchback,fwd,front,96.3,173.0,65.4,0.8260869565217391,2328,ohc,four,122,2bbl,3.35,3.46,8.5,88,5000,9.4,32,8499,Low,True,False
79,3,122.0,mitsubishi,gas,two,hatchback,fwd,front,95.9,173.2,66.3,0.8394648829431439,2833,ohc,four,156,spdi,3.58,3.86,7.0,145,5000,12.368421052631579,24,12629,Medium,False,True
80,3,122.0,mitsubishi,gas,two,hatchback,fwd,front,95.9,173.2,66.3,0.8394648829431439,2921,ohc,four,156,spdi,3.59,3.86,7.0,145,5000,12.368421052631579,24,14869,Medium,False,True
81,3,122.0,mitsubishi,gas,two,hatchback,fwd,front,95.9,173.2,66.3,0.8394648829431439,2926,ohc,four,156,spdi,3.59,3.86,7.0,145,5000,12.368421052631579,24,14489,Medium,False,True
82,1,125,mitsubishi,gas,four,sedan,fwd,front,96.3,172.4,65.4,0.8628762541806021,2365,ohc,four,122,2bbl,3.35,3.46,8.5,88,5000,9.4,32,6989,Low,True,False
83,1,125,mitsubishi,gas,four,sedan,fwd,front,96.3,172.4,65.4,0.8628762541806021,2405,ohc,four,122,2bbl,3.35,3.46,8.5,88,5000,9.4,32,8189,Low,True,False
84,1,125,mitsubishi,gas,four,sedan,fwd,front,96.3,172.4,65.4,0.8628762541806021,2403,ohc,four,110,spdi,3.17,3.46,7.5,116,5500,10.217391304347826,30,9279,Low,False,True
85,-1,137,mitsubishi,gas,four,sedan,fwd,front,96.3,172.4,65.4,0.8628762541806021,2403,ohc,four,110,spdi,3.17,3.46,7.5,116,5500,10.217391304347826,30,9279,Low,True,False
86,1,128,nissan,gas,two,sedan,fwd,front,94.5,165.3,63.8,0.911371237458194,1889,ohc,four,97,2bbl,3.15,3.29,9.4,69,5200,7.580645161290323,37,5499,Low,True,False
87,1,128,nissan,diesel,two,sedan,fwd,front,94.5,165.3,63.8,0.911371237458194,2017,ohc,four,103,idi,2.99,3.47,21.9,55,4800,5.222222222222222,50,7099,Low,True,False
88,1,128,nissan,gas,two,sedan,fwd,front,94.5,165.3,63.8,0.911371237458194,1918,ohc,four,97,2bbl,3.15,3.29,9.4,69,5200,7.580645161290323,37,6649,Low,True,False
89,1,122,nissan,gas,four,sedan,fwd,front,94.5,165.3,63.8,0.911371237458194,1938,ohc,four,97,2bbl,3.15,3.29,9.4,69,5200,7.580645161290323,37,6849,Low,True,False
90,1,103,nissan,gas,four,wagon,fwd,front,94.5,170.2,63.8,0.8946488294314382,2024,ohc,four,97,2bbl,3.15,3.29,9.4,69,5200,7.580645161290323,37,7349,Low,True,False
91,1,128,nissan,gas,two,sedan,fwd,front,94.5,165.3,63.8,0.911371237458194,1951,ohc,four,97,2bbl,3.15,3.29,9.4,69,5200,7.580645161290323,37,7299,Low,True,False
92,1,128,nissan,gas,two,hatchback,fwd,front,94.5,165.6,63.8,0.8913043478260869,2028,ohc,four,97,2bbl,3.15,3.29,9.4,69,5200,7.580645161290323,37,7799,Low,True,False
93,1,122,nissan,gas,four,sedan,fwd,front,94.5,165.3,63.8,0.911371237458194,1971,ohc,four,97,2bbl,3.15,3.29,9.4,69,5200,7.580645161290323,37,7499,Low,True,False
94,1,103,nissan,gas,four,wagon,fwd,front,94.5,170.2,63.8,0.8946488294314382,2037,ohc,four,97,2bbl,3.15,3.29,9.4,69,5200,7.580645161290323,37,7999,Low,True,False
95,2,168,nissan,gas,two,hardtop,fwd,front,95.1,162.4,63.8,0.8913043478260869,2008,ohc,four,97,2bbl,3.15,3.29,9.4,69,5200,7.580645161290323,37,8249,Low,True,False
96,0,106,nissan,gas,four,hatchback,fwd,front,97.2,173.4,65.2,0.9147157190635452,2324,ohc,four,120,2bbl,3.33,3.47,8.5,97,5200,8.703703703703704,34,8949,Low,True,False
97,0,106,nissan,gas,four,sedan,fwd,front,97.2,173.4,65.2,0.9147157190635452,2302,ohc,four,120,2bbl,3.33,3.47,8.5,97,5200,8.703703703703704,34,9549,Low,True,False
98,0,128,nissan,gas,four,sedan,fwd,front,100.4,181.7,66.5,0.9214046822742475,3095,ohcv,six,181,mpfi,3.43,3.27,9.0,152,5200,13.823529411764707,22,13499,Medium,True,False
99,0,108,nissan,gas,four,wagon,fwd,front,100.4,184.6,66.5,0.9381270903010034,3296,ohcv,six,181,mpfi,3.43,3.27,9.0,152,5200,13.823529411764707,22,14399,Medium,True,False
100,0,108,nissan,gas,four,sedan,fwd,front,100.4,184.6,66.5,0.9214046822742475,3060,ohcv,six,181,mpfi,3.43,3.27,9.0,152,5200,12.368421052631579,25,13499,Medium,True,False
101,3,194,nissan,gas,two,hatchback,rwd,front,91.3,170.7,67.9,0.831103678929766,3071,ohcv,six,181,mpfi,3.43,3.27,9.0,160,5200,12.368421052631579,25,17199,Medium,True,False
102,3,194,nissan,gas,two,hatchback,rwd,front,91.3,170.7,67.9,0.831103678929766,3139,ohcv,six,181,mpfi,3.43,3.27,7.8,200,5200,13.823529411764707,23,19699,High,False,True
103,1,231,nissan,gas,two,hatchback,rwd,front,99.2,178.5,67.9,0.831103678929766,3139,ohcv,six,181,mpfi,3.43,3.27,9.0,160,5200,12.368421052631579,25,18399,Medium,True,False
104,0,161,peugot,gas,four,sedan,rwd,front,107.9,186.7,68.4,0.948160535117057,3020,l,four,120,mpfi,3.46,3.19,8.4,97,5000,12.368421052631579,24,11900,Low,True,False
105,0,161,peugot,diesel,four,sedan,rwd,front,107.9,186.7,68.4,0.948160535117057,3197,l,four,152,idi,3.70,3.52,21.0,95,4150,8.392857142857142,33,13200,Low,False,True
106,0,122.0,peugot,gas,four,wagon,rwd,front,114.2,198.9,68.4,0.9816053511705687,3230,l,four,120,mpfi,3.46,3.19,8.4,97,5000,12.368421052631579,24,12440,Low,True,False
107,0,122.0,peugot,diesel,four,wagon,rwd,front,114.2,198.9,68.4,0.9816053511705687,3430,l,four,152,idi,3.70,3.52,21.0,95,4150,9.4,25,13860,Low,False,True
108,0,161,peugot,gas,four,sedan,rwd,front,107.9,186.7,68.4,0.948160535117057,3075,l,four,120,mpfi,3.46,2.19,8.4,95,5000,12.368421052631579,24,15580,Low,True,False
109,0,161,peugot,diesel,four,sedan,rwd,front,107.9,186.7,68.4,0.948160535117057,3252,l,four,152,idi,3.70,3.52,21.0,95,4150,8.392857142857142,33,16900,Low,False,True
110,0,122.0,peugot,gas,four,wagon,rwd,front,114.2,198.9,68.4,0.948160535117057,3285,l,four,120,mpfi,3.46,2.19,8.4,95,5000,12.368421052631579,24,16695,Low,True,False
111,0,122.0,peugot,diesel,four,wagon,rwd,front,114.2,198.9,68.4,0.9816053511705687,3485,l,four,152,idi,3.70,3.52,21.0,95,4150,9.4,25,17075,Low,False,True
112,0,161,peugot,gas,four,sedan,rwd,front,107.9,186.7,68.4,0.948160535117057,3075,l,four,120,mpfi,3.46,3.19,8.4,97,5000,12.368421052631579,24,16630,Low,True,False
113,0,161,peugot,diesel,four,sedan,rwd,front,107.9,186.7,68.4,0.948160535117057,3252,l,four,152,idi,3.70,3.52,21.0,95,4150,8.392857142857142,33,17950,Low,False,True
114,0,161,peugot,gas,four,sedan,rwd,front,108.0,186.7,68.3,0.9364548494983278,3130,l,four,134,mpfi,3.61,3.21,7.0,142,5600,13.055555555555555,24,18150,Medium,False,True
115,1,119,plymouth,gas,two,hatchback,fwd,front,93.7,157.3,63.8,0.8494983277591973,1918,ohc,four,90,2bbl,2.97,3.23,9.4,68,5500,6.351351351351352,41,5572,Low,True,False
116,1,119,plymouth,gas,two,hatchback,fwd,front,93.7,157.3,63.8,0.8494983277591973,2128,ohc,four,98,spdi,3.03,3.39,7.6,102,5500,9.791666666666666,30,7957,Low,False,True
117,1,154,plymouth,gas,four,hatchback,fwd,front,93.7,157.3,63.8,0.8461538461538463,1967,ohc,four,90,2bbl,2.97,3.23,9.4,68,5500,7.580645161290323,38,6229,Low,True,False
118,1,154,plymouth,gas,four,sedan,fwd,front,93.7,167.3,63.8,0.8494983277591973,1989,ohc,four,90,2bbl,2.97,3.23,9.4,68,5500,7.580645161290323,38,6692,Low,True,False
119,1,154,plymouth,gas,four,sedan,fwd,front,93.7,167.3,63.8,0.8494983277591973,2191,ohc,four,98,2bbl,2.97,3.23,9.4,68,5500,7.580645161290323,38,7609,Low,True,False
120,-1,74,plymouth,gas,four,wagon,fwd,front,103.3,174.6,64.6,1.0,2535,ohc,four,122,2bbl,3.35,3.46,8.5,88,5000,9.791666666666666,30,8921,Low,True,False
121,3,122.0,plymouth,gas,two,hatchback,rwd,front,95.9,173.2,66.3,0.8394648829431439,2818,ohc,four,156,spdi,3.59,3.86,7.0,145,5000,12.368421052631579,24,12764,Medium,False,True
122,3,186,porsche,gas,two,hatchback,rwd,front,94.5,168.9,68.3,0.8394648829431439,2778,ohc,four,151,mpfi,3.94,3.11,9.5,143,5500,12.368421052631579,27,22018,Medium,True,False
123,3,122.0,porsche,gas,two,hardtop,rwd,rear,89.5,168.9,65.0,0.8628762541806021,2756,ohcf,six,194,mpfi,3.74,2.90,9.5,207,5900,13.823529411764707,25,32528,High,True,False
124,3,122.0,porsche,gas,two,hardtop,rwd,rear,89.5,168.9,65.0,0.8628762541806021,2756,ohcf,six,194,mpfi,3.74,2.90,9.5,207,5900,13.823529411764707,25,34028,High,True,False
125,3,122.0,porsche,gas,two,convertible,rwd,rear,89.5,168.9,65.0,0.8628762541806021,2800,ohcf,six,194,mpfi,3.74,2.90,9.5,207,5900,13.823529411764707,25,37028,High,True,False
126,0,122.0,renault,gas,four,wagon,fwd,front,96.1,181.5,66.5,0.9230769230769231,2579,ohc,four,132,mpfi,3.46,3.90,8.7,103,,10.217391304347826,31,9295,Low,True,False
127,2,122.0,renault,gas,two,hatchback,fwd,front,96.1,176.8,66.6,0.8444816053511706,2460,ohc,four,132,mpfi,3.46,3.90,8.7,103,,10.217391304347826,31,9895,Low,True,False
128,3,150,saab,gas,two,hatchback,fwd,front,99.1,186.6,66.5,0.9381270903010034,2658,ohc,four,121,mpfi,3.54,3.07,9.31,110,5250,11.19047619047619,28,11850,Low,True,False
129,2,104,saab,gas,four,sedan,fwd,front,99.1,186.6,66.5,0.9381270903010034,2695,ohc,four,121,mpfi,3.54,3.07,9.3,110,5250,11.19047619047619,28,12170,Low,True,False
130,3,150,saab,gas,two,hatchback,fwd,front,99.1,186.6,66.5,0.9381270903010034,2707,ohc,four,121,mpfi,2.54,2.07,9.3,110,5250,11.19047619047619,28,15040,Low,True,False
131,2,104,saab,gas,four,sedan,fwd,front,99.1,186.6,66.5,0.9381270903010034,2758,ohc,four,121,mpfi,3.54,3.07,9.3,110,5250,11.19047619047619,28,15510,Low,True,False
132,3,150,saab,gas,two,hatchback,fwd,front,99.1,186.6,66.5,0.9381270903010034,2808,dohc,four,121,mpfi,3.54,3.07,9.0,160,5500,12.368421052631579,26,18150,Medium,False,True
133,2,104,saab,gas,four,sedan,fwd,front,99.1,186.6,66.5,0.9381270903010034,2847,dohc,four,121,mpfi,3.54,3.07,9.0,160,5500,12.368421052631579,26,18620,Medium,False,True
134,2,83,subaru,gas,two,hatchback,fwd,front,93.7,156.9,63.4,0.8979933110367894,2050,ohcf,four,97,2bbl,3.62,2.36,9.0,69,4900,7.580645161290323,36,5118,Low,True,False
135,2,83,subaru,gas,two,hatchback,fwd,front,93.7,157.9,63.6,0.8979933110367894,2120,ohcf,four,108,2bbl,3.62,2.64,8.7,73,4400,9.038461538461538,31,7053,Low,True,False
136,2,83,subaru,gas,two,hatchback,4wd,front,93.3,157.3,63.8,0.931438127090301,2240,ohcf,four,108,2bbl,3.62,2.64,8.7,73,4400,9.038461538461538,31,7603,Low,True,False
137,0,102,subaru,gas,four,sedan,fwd,front,97.2,172.0,65.4,0.8779264214046824,2145,ohcf,four,108,2bbl,3.62,2.64,9.5,82,4800,7.34375,37,7126,Low,True,False
138,0,102,subaru,gas,four,sedan,fwd,front,97.2,172.0,65.4,0.8779264214046824,2190,ohcf,four,108,2bbl,3.62,2.64,9.5,82,4400,8.392857142857142,33,7775,Low,True,False
139,0,102,subaru,gas,four,sedan,fwd,front,97.2,172.0,65.4,0.8779264214046824,2340,ohcf,four,108,mpfi,3.62,2.64,9.0,94,5200,9.038461538461538,32,9960,Low,True,False
140,0,102,subaru,gas,four,sedan,4wd,front,97.0,172.0,65.4,0.9080267558528428,2385,ohcf,four,108,2bbl,3.62,2.64,9.0,82,4800,9.791666666666666,25,9233,Low,True,False
141,0,102,subaru,gas,four,sedan,4wd,front,97.0,172.0,65.4,0.9080267558528428,2510,ohcf,four,108,mpfi,3.62,2.64,7.7,111,4800,9.791666666666666,29,11259,Low,False,True
142,0,89,subaru,gas,four,wagon,fwd,front,97.0,173.5,65.4,0.8862876254180603,2290,ohcf,four,108,2bbl,3.62,2.64,9.0,82,4800,8.392857142857142,32,7463,Low,True,False
143,0,89,subaru,gas,four,wagon,fwd,front,97.0,173.5,65.4,0.8862876254180603,2455,ohcf,four,108,mpfi,3.62,2.64,9.0,94,5200,9.4,31,10198,Low,True,False
144,0,85,subaru,gas,four,wagon,4wd,front,96.9,173.6,65.4,0.9180602006688964,2420,ohcf,four,108,2bbl,3.62,2.64,9.0,82,4800,10.217391304347826,29,8013,Low,True,False
145,0,85,subaru,gas,four,wagon,4wd,front,96.9,173.6,65.4,0.9180602006688964,2650,ohcf,four,108,mpfi,3.62,2.64,7.7,111,4800,10.217391304347826,23,11694,Low,False,True
146,1,87,toyota,gas,two,hatchback,fwd,front,95.7,158.7,63.6,0.911371237458194,1985,ohc,four,92,2bbl,3.05,3.03,9.0,62,4800,6.714285714285714,39,5348,Low,True,False
147,1,87,toyota,gas,two,hatchback,fwd,front,95.7,158.7,63.6,0.911371237458194,2040,ohc,four,92,2bbl,3.05,3.03,9.0,62,4800,7.580645161290323,38,6338,Low,True,False
148,1,74,toyota,gas,four,hatchback,fwd,front,95.7,158.7,63.6,0.911371237458194,2015,ohc,four,92,2bbl,3.05,3.03,9.0,62,4800,7.580645161290323,38,6488,Low,True,False
149,0,77,toyota,gas,four,wagon,fwd,front,95.7,169.7,63.6,0.988294314381271,2280,ohc,four,92,2bbl,3.05,3.03,9.0,62,4800,7.580645161290323,37,6918,Low,True,False
150,0,81,toyota,gas,four,wagon,4wd,front,95.7,169.7,63.6,0.988294314381271,2290,ohc,four,92,2bbl,3.05,3.03,9.0,62,4800,8.703703703703704,32,7898,Low,True,False
151,0,91,toyota,gas,four,wagon,4wd,front,95.7,169.7,63.6,0.988294314381271,3110,ohc,four,92,2bbl,3.05,3.03,9.0,62,4800,8.703703703703704,32,8778,Low,True,False
152,0,91,toyota,gas,four,sedan,fwd,front,95.7,166.3,64.4,0.8862876254180603,2081,ohc,four,98,2bbl,3.19,3.03,9.0,70,4800,7.833333333333333,37,6938,Low,True,False
153,0,91,toyota,gas,four,hatchback,fwd,front,95.7,166.3,64.4,0.882943143812709,2109,ohc,four,98,2bbl,3.19,3.03,9.0,70,4800,7.833333333333333,37,7198,Low,True,False
154,0,91,toyota,diesel,four,sedan,fwd,front,95.7,166.3,64.4,0.8862876254180603,2275,ohc,four,110,idi,3.27,3.35,22.5,56,4500,6.911764705882353,36,7898,Low,True,False
155,0,91,toyota,diesel,four,hatchback,fwd,front,95.7,166.3,64.4,0.882943143812709,2275,ohc,four,110,idi,3.27,3.35,22.5,56,4500,6.184210526315789,47,7788,Low,True,False
156,0,91,toyota,gas,four,sedan,fwd,front,95.7,166.3,64.4,0.8862876254180603,2094,ohc,four,98,2bbl,3.19,3.03,9.0,70,4800,6.184210526315789,47,7738,Low,True,False
157,0,91,toyota,gas,four,hatchback,fwd,front,95.7,166.3,64.4,0.882943143812709,2122,ohc,four,98,2bbl,3.19,3.03,9.0,70,4800,8.392857142857142,34,8358,Low,True,False
158,0,91,toyota,gas,four,sedan,fwd,front,95.7,166.3,64.4,0.882943143812709,2140,ohc,four,98,2bbl,3.19,3.03,9.0,70,4800,8.392857142857142,34,9258,Low,True,False
159,1,168,toyota,gas,two,sedan,rwd,front,94.5,168.7,64.0,0.8795986622073579,2169,ohc,four,98,2bbl,3.19,3.03,9.0,70,4800,8.10344827586207,34,8058,Low,True,False
160,1,168,toyota,gas,two,hatchback,rwd,front,94.5,168.7,64.0,0.8795986622073579,2204,ohc,four,98,2bbl,3.19,3.03,9.0,70,4800,8.10344827586207,34,8238,Low,True,False
161,1,168,toyota,gas,two,sedan,rwd,front,94.5,168.7,64.0,0.8795986622073579,2265,dohc,four,98,mpfi,3.24,3.08,9.4,112,6600,9.038461538461538,29,9298,Low,True,False
162,1,168,toyota,gas,two,hatchback,rwd,front,94.5,168.7,64.0,0.8795986622073579,2300,dohc,four,98,mpfi,3.24,3.08,9.4,112,6600,9.038461538461538,29,9538,Low,True,False
163,2,134,toyota,gas,two,hardtop,rwd,front,98.4,176.2,65.6,0.8695652173913044,2540,ohc,four,146,mpfi,3.62,3.50,9.3,116,4800,9.791666666666666,30,8449,Low,True,False
164,2,134,toyota,gas,two,hardtop,rwd,front,98.4,176.2,65.6,0.8695652173913044,2536,ohc,four,146,mpfi,3.62,3.50,9.3,116,4800,9.791666666666666,30,9639,Low,True,False
165,2,134,toyota,gas,two,hatchback,rwd,front,98.4,176.2,65.6,0.8695652173913044,2551,ohc,four,146,mpfi,3.62,3.50,9.3,116,4800,9.791666666666666,30,9989,Low,True,False
166,2,134,toyota,gas,two,hardtop,rwd,front,98.4,176.2,65.6,0.8695652173913044,2679,ohc,four,146,mpfi,3.62,3.50,9.3,116,4800,9.791666666666666,30,11199,Low,True,False
167,2,134,toyota,gas,two,hatchback,rwd,front,98.4,176.2,65.6,0.8695652173913044,2714,ohc,four,146,mpfi,3.62,3.50,9.3,116,4800,9.791666666666666,30,11549,Low,True,False
168,2,134,toyota,gas,two,convertible,rwd,front,98.4,176.2,65.6,0.8862876254180603,2975,ohc,four,146,mpfi,3.62,3.50,9.3,116,4800,9.791666666666666,30,17669,Low,True,False
169,-1,65,toyota,gas,four,sedan,fwd,front,102.4,175.6,66.5,0.9180602006688964,2326,ohc,four,122,mpfi,3.31,3.54,8.7,92,4200,8.10344827586207,34,8948,Low,True,False
170,-1,65,toyota,diesel,four,sedan,fwd,front,102.4,175.6,66.5,0.9180602006688964,2480,ohc,four,110,idi,3.27,3.35,22.5,73,4500,7.833333333333333,33,10698,Low,False,True
171,-1,65,toyota,gas,four,hatchback,fwd,front,102.4,175.6,66.5,0.9013377926421405,2414,ohc,four,122,mpfi,3.31,3.54,8.7,92,4200,8.703703703703704,32,9988,Low,True,False
172,-1,65,toyota,gas,four,sedan,fwd,front,102.4,175.6,66.5,0.9180602006688964,2414,ohc,four,122,mpfi,3.31,3.54,8.7,92,4200,8.703703703703704,32,10898,Low,True,False
173,-1,65,toyota,gas,four,hatchback,fwd,front,102.4,175.6,66.5,0.9013377926421405,2458,ohc,four,122,mpfi,3.31,3.54,8.7,92,4200,8.703703703703704,32,11248,Low,True,False
174,3,197,toyota,gas,two,hatchback,rwd,front,102.9,183.5,67.7,0.8695652173913044,2976,dohc,six,171,mpfi,3.27,3.35,9.3,161,5200,11.75,24,16558,Medium,True,False
175,3,197,toyota,gas,two,hatchback,rwd,front,102.9,183.5,67.7,0.8695652173913044,3016,dohc,six,171,mpfi,3.27,3.35,9.3,161,5200,12.368421052631579,24,15998,Medium,True,False
176,-1,90,toyota,gas,four,sedan,rwd,front,104.5,187.8,66.5,0.9046822742474917,3131,dohc,six,171,mpfi,3.27,3.35,9.2,156,5200,11.75,24,15690,Medium,True,False
177,-1,122.0,toyota,gas,four,wagon,rwd,front,104.5,187.8,66.5,0.9046822742474917,3151,dohc,six,161,mpfi,3.27,3.35,9.2,156,5200,12.368421052631579,24,15750,Medium,True,False
178,2,122,volkswagen,diesel,two,sedan,fwd,front,97.3,171.7,65.5,0.931438127090301,2261,ohc,four,97,idi,3.01,3.40,23.0,52,4800,6.351351351351352,46,7775,Low,True,False
179,2,122,volkswagen,gas,two,sedan,fwd,front,97.3,171.7,65.5,0.931438127090301,2209,ohc,four,109,mpfi,3.19,3.40,9.0,85,5250,8.703703703703704,34,7975,Low,True,False
180,2,94,volkswagen,diesel,four,sedan,fwd,front,97.3,171.7,65.5,0.931438127090301,2264,ohc,four,97,idi,3.01,3.40,23.0,52,4800,6.351351351351352,46,7995,Low,True,False
181,2,94,volkswagen,gas,four,sedan,fwd,front,97.3,171.7,65.5,0.931438127090301,2212,ohc,four,109,mpfi,3.19,3.40,9.0,85,5250,8.703703703703704,34,8195,Low,True,False
182,2,94,volkswagen,gas,four,sedan,fwd,front,97.3,171.7,65.5,0.931438127090301,2275,ohc,four,109,mpfi,3.19,3.40,9.0,85,5250,8.703703703703704,34,8495,Low,True,False
183,2,94,volkswagen,diesel,four,sedan,fwd,front,97.3,171.7,65.5,0.931438127090301,2319,ohc,four,97,idi,3.01,3.40,23.0,68,4500,6.351351351351352,42,9495,Low,False,True
184,2,94,volkswagen,gas,four,sedan,fwd,front,97.3,171.7,65.5,0.931438127090301,2300,ohc,four,109,mpfi,3.19,3.40,10.0,100,5500,9.038461538461538,32,9995,Low,True,False
185,3,122.0,volkswagen,gas,two,convertible,fwd,front,94.5,159.3,64.2,0.9297658862876255,2254,ohc,four,109,mpfi,3.19,3.40,8.5,90,5500,9.791666666666666,29,11595,Low,True,False
186,3,256,volkswagen,gas,two,hatchback,fwd,front,94.5,165.7,64.0,0.8595317725752508,2221,ohc,four,109,mpfi,3.19,3.40,8.5,90,5500,9.791666666666666,29,9980,Low,True,False
187,0,122.0,volkswagen,gas,four,sedan,fwd,front,100.4,180.2,66.9,0.9214046822742475,2661,ohc,five,136,mpfi,3.19,3.40,8.5,110,5500,12.368421052631579,24,13295,Low,True,False
188,0,122.0,volkswagen,diesel,four,sedan,fwd,front,100.4,180.2,66.9,0.9214046822742475,2579,ohc,four,97,idi,3.01,3.40,23.0,68,4500,7.121212121212121,38,13845,Low,False,True
189,0,122.0,volkswagen,gas,four,wagon,fwd,front,100.4,183.1,66.9,0.9214046822742475,2563,ohc,four,109,mpfi,3.19,3.40,9.0,88,5500,9.4,31,12290,Low,True,False
190,-2,103,volvo,gas,four,sedan,rwd,front,104.3,188.8,67.2,0.939799331103679,2912,ohc,four,141,mpfi,3.78,3.15,9.5,114,5400,10.217391304347826,28,12940,Low,True,False
191,-1,74,volvo,gas,four,wagon,rwd,front,104.3,188.8,67.2,0.9615384615384616,3034,ohc,four,141,mpfi,3.78,3.15,9.5,114,5400,10.217391304347826,28,13415,Low,True,False
192,-2,103,volvo,gas,four,sedan,rwd,front,104.3,188.8,67.2,0.939799331103679,2935,ohc,four,141,mpfi,3.78,3.15,9.5,114,5400,9.791666666666666,28,15985,Low,True,False
193,-1,74,volvo,gas,four,wagon,rwd,front,104.3,188.8,67.2,0.9615384615384616,3042,ohc,four,141,mpfi,3.78,3.15,9.5,114,5400,9.791666666666666,28,16515,Low,True,False
194,-2,103,volvo,gas,four,sedan,rwd,front,104.3,188.8,67.2,0.939799331103679,3045,ohc,four,130,mpfi,3.62,3.15,7.5,162,5100,13.823529411764707,22,18420,Medium,False,True
195,-1,74,volvo,gas,four,wagon,rwd,front,104.3,188.8,67.2,0.9615384615384616,3157,ohc,four,130,mpfi,3.62,3.15,7.5,162,5100,13.823529411764707,22,18950,Medium,False,True
196,-1,95,volvo,gas,four,sedan,rwd,front,109.1,188.8,68.9,0.9280936454849499,2952,ohc,four,141,mpfi,3.78,3.15,9.5,114,5400,10.217391304347826,28,16845,Low,True,False
197,-1,95,volvo,gas,four,sedan,rwd,front,109.1,188.8,68.8,0.9280936454849499,3049,ohc,four,141,mpfi,3.78,3.15,8.7,160,5300,12.368421052631579,25,19045,Medium,False,True
198,-1,95,volvo,gas,four,sedan,rwd,front,109.1,188.8,68.9,0.9280936454849499,3012,ohcv,six,173,mpfi,3.58,2.87,8.8,134,5500,13.055555555555555,23,21485,Medium,True,False
199,-1,95,volvo,diesel,four,sedan,rwd,front,109.1,188.8,68.9,0.9280936454849499,3217,ohc,six,145,idi,3.01,3.40,23.0,106,4800,9.038461538461538,27,22470,Low,False,True
200,-1,95,volvo,gas,four,sedan,rwd,front,109.1,188.8,68.9,0.9280936454849499,3062,ohc,four,141,mpfi,3.78,3.15,9.5,114,5400,12.368421052631579,25,22625,Low,False,True
